id,created_at,username,elo,wins,losses,country,city,is_admin
5031f839-7710-477b-ac80-c4999a212547,2026-02-15T16:33:27.326885+00:00,TEST_ORGANIZER,1133,42,43,,,true
054f6378-95c5-4f5b-a678-745e585a01fc,2026-02-15T17:10:06.473717+00:00,JARNO,1180,130,165,,,true
d265b935-b147-4ccb-adca-9030725128aa,2026-02-15T17:10:11.011867+00:00,TONI,1141,25,35,,,false
92ff4fd8-9c6c-4366-a08f-9240a88aa926,2026-02-15T17:10:14.868454+00:00,MINNA,1218,47,31,,,false
1554cba3-29a2-4323-8062-c1883ac36af5,2026-02-16T15:37:12.827958+00:00,DON,1166,20,32,,,false
07e97f60-be0b-4541-8a20-5d53535f494f,2026-02-16T15:37:55.222919+00:00,WIN,1160,15,22,,,false
d2aebb8e-8097-4500-818b-d7458f5d8ea5,2026-02-16T16:06:05.299383+00:00,DON2,1095,23,38,,,false
455db694-06af-4d3c-b463-56a9106fc52d,2026-02-16T17:49:53.99226+00:00,WINNER,1263,38,31,,,false
7122de9e-3460-443d-86e9-71f1fddfc4a9,2026-02-17T12:24:34.407782+00:00,SUBBER,1143,21,33,,,false
a04444ca-6e0c-4e5b-a3ca-ecfa77be8e1a,2026-02-18T16:51:38.486282+00:00,FINKKA,1232,19,16,,,false
8061b79e-cdb8-4417-ba4d-e98c897aa95d,2026-02-18T20:45:18.003777+00:00,UNIQUE_TESTER_999,1248,17,18,,,false
8179ffb7-1edd-4c92-9d3b-2eb72ace2d29,2026-02-19T15:29:39.011194+00:00,VESA2,1197,16,18,,,false
1b4e2770-eef4-4230-bc74-5283af5a609b,2026-02-21T17:31:34.117529+00:00,MIKKO,1051,9,14,,,false
183e98b2-6f5d-4846-a249-eab0034091d6,2026-02-21T19:18:07.010658+00:00,MIKA,1227,18,9,,,false
6c530b9c-9621-4542-92d6-33d06459423b,2026-02-21T19:18:13.490605+00:00,LISA,1140,14,15,,,false
810f57d9-c6f7-4dea-9e82-a3d7419175a4,2026-02-21T19:18:16.677429+00:00,LUIS,993,2,7,,,false
60e98e53-cd86-44aa-aed5-d5320dba8e5e,2026-02-21T19:18:24.419528+00:00,SIS,993,1,2,,,false
a20cbaf2-3bcf-40b9-a62e-f8dd026c851b,2026-02-21T19:18:31.436+00:00,Mary,1186,17,15,,,false
6b5f5e85-280a-40da-af05-d619f3be5909,2026-02-21T19:18:37.653776+00:00,Danny,1160,22,22,,,false
b4931605-12e1-496a-b876-5762167fb261,2026-02-21T19:40:23.701753+00:00,MINNA2,1308,88,42,,,false
1b162686-bcfa-4205-8ea3-2ae2c55e3527,2026-02-21T20:12:21.842113+00:00,FONKAH,1221,49,42,,,false
6c11d9c5-82e6-451b-9c6e-67743a99e35c,2026-02-22T17:39:27.912194+00:00,MIRO,1186,21,27,,,false
38a65dcf-674c-4dc3-af92-948c5721c1cd,2026-02-23T05:54:32.777756+00:00,MARKUS,1191,21,16,,,false
b96ea693-d0cb-4012-a200-1eaef000ed46,2026-02-23T05:55:03.34516+00:00,KRIS,994,3,9,,,false
30166407-8871-4492-83a0-ee95cc6ae24e,2026-02-23T05:55:15.445207+00:00,ILKKA,1079,7,10,,,false
81eff681-684e-4ac6-810f-9123e52031dd,2026-02-24T08:13:02.786417+00:00,ZÖPI,1235,0,3,,,false
1e1f2fb7-3ca1-4db3-90d2-871819a81171,2026-02-26T08:37:51.833096+00:00,MIGHTYMIRO,1324,54,28,,,false
ba299a82-d276-47cc-8210-6bf98fba181a,2026-03-07T18:37:19.451381+00:00,MURSU,1300,0,0,,,false
b6721653-fdae-416e-acc9-c8665b3bd426,2026-03-07T18:47:37.285227+00:00,MUROPAKETTI,1322,4,1,,,false
71c1bc71-4900-401e-a324-a033481fde57,2026-03-08T16:18:18.466098+00:00,FORCE,1316,1,0,,,false
4b23c070-22f5-4972-b8c8-6386d66b0f2b,2026-03-12T07:40:59.408713+00:00,STEVE,1285,1,1,,,false
97d3f412-fcb1-43c6-af5e-d8423629bc07,2026-03-13T05:04:11.539794+00:00,JACKSON,1316,1,0,,,false
cd2ac03a-3034-47f7-a1d9-ad3363c50f13,2026-03-18T04:44:54.191478+00:00,JARNO USER,1300,0,0,,,false
eb56f33c-58a3-4f98-9a31-cf97af45ae35,2026-03-19T06:30:42.79881+00:00,AXEL,1750,125,18,,,false
b117b3cc-b927-4946-8b1b-2092b6222ad1,2026-03-20T05:25:37.803895+00:00,SAMMY,1310,1,0,,,false
a545393c-f30a-47e9-bfbd-621ef2c04e08,2026-03-20T08:51:28.535311+00:00,PATE,1274,0,1,,,false
a99f58a7-d2b7-404b-b0d2-f0b2cec6026f,2026-03-24T12:23:57.476872+00:00,SEDACIFOTBAL,1300,0,0,cz,Ostrava,false
8f484dfc-e5bb-4219-a835-0011d487c2f5,2026-03-24T21:47:56.056663+00:00,BUBIFACHERO,1300,0,0,,,false
508e085b-6f70-4141-88a0-b0445e72acd6,2026-03-24T21:52:28.448465+00:00,VIKIFACHERO,1300,0,0,,,false
608c909f-3908-4fdb-ab53-5129e42018ea,2026-03-28T04:24:21.336434+00:00,MIA,1819,133,28,,,true
fd51fb95-dabd-4c81-8b23-bdeb612df586,2026-03-30T15:05:58.259501+00:00,XIMEN,1300,0,0,,,false
06a857af-6e70-4fd8-850d-38da9f9b59e5,2026-03-30T19:47:28.38594+00:00,NACHOLMV,1300,0,0,,,false
d7f4718f-6b75-4f23-8ab2-4537a41e2e8c,2026-03-31T06:03:26.186905+00:00,KAALEBS,1300,0,0,,,false
b4d2c5e9-e8a0-4b32-911c-4cb2a673f8ab,2026-03-31T07:03:27.470354+00:00,INFO@PADELCOACH.FI,1300,0,0,,,false
bf16f8c3-80bf-4774-8cda-333a338e7b25,2026-04-01T10:48:38.048151+00:00,JAMES,1284,0,1,,,false
970c0d3b-dadf-4f47-9892-6b77405641a5,2026-04-08T08:01:32.368336+00:00,GITM0,1300,0,0,se,Stockholm,false
8e0cb783-425d-4e45-96ed-7dac6ace577a,2026-04-12T06:11:05.003013+00:00,TAY,1300,0,0,,,false
29970122-3bbd-4ea5-94f9-157bea5db3b8,2026-04-12T18:15:00.10977+00:00,CHLOE,1300,0,0,,,false
680a1f1e-5d51-4233-bc32-dbf3f6f67a4e,2026-04-13T21:03:34.359038+00:00,SAM PATTON,1300,0,0,,,false
0eba2dcd-5ff4-4186-954e-d009c50e95d9,2026-04-18T18:28:05.665304+00:00,LORENZO,1300,0,0,,,false
5c8f49d3-d875-4e4a-9cc4-776d8ff90180,2026-04-30T23:12:07.322389+00:00,DINO,1300,0,0,,,false
40db8193-e796-4767-9b56-8e611f6f8063,2026-05-11T03:29:05.864252+00:00,DUMARI,1300,0,0,,,false
01c610d7-2105-4087-b489-b06f81de8920,2026-05-11T03:58:28.951989+00:00,DON JOHNSON,1300,0,0,,,false
0211a7b9-474b-41f2-ac74-8e02376d07b9,2026-05-11T04:12:35.185635+00:00,MORCELO SILT,1300,0,0,,,false
a6e7a251-b3d7-49fb-9784-3261611410bb,2026-05-11T04:24:57.749658+00:00,MORSU,1300,0,0,,,false
2c34c533-f52c-4d95-8851-88f9148a10c8,2026-05-12T01:30:12.294621+00:00,YASSEN,1300,0,0,,,false
f207d5c8-28e8-4e6c-9b04-63ba8b4be480,2026-05-14T03:58:50.98875+00:00,GERSON,1300,0,0,,,false
f05a0555-d11e-45d6-a410-058cbc144c77,2026-05-14T17:44:50.289243+00:00,PEKKO,1300,0,0,,,false
65f05635-7e2e-4e92-a984-f55443093e76,2026-05-21T11:12:11.113072+00:00,FLORIN,1300,0,0,,,false
afc281e9-5bc2-4375-93d8-1274da2eeea3,2026-05-23T08:15:31.129186+00:00,JARNO SAARINEN,1300,0,0,,,false
7c3176ce-a916-4db7-8da7-c9d966a3cc7b,2026-05-24T10:48:33.400234+00:00,AUTOTEST2129,1300,0,0,,,false
f07843c8-21b3-410c-a57b-9a22564df5b5,2026-05-24T10:48:33.412231+00:00,TOURTEST5639,1300,0,0,,,false
1199327b-5e98-4a9a-8680-9cf5664846bf,2026-05-24T10:48:34.108029+00:00,REDIRECTTEST,1300,0,0,,,false
b5839578-7390-47ad-b507-f85add4e5c3c,2026-05-24T10:48:55.873888+00:00,TOURTEST4356,1300,0,0,,,false
26788870-375a-4409-ab62-bb02ce61e66e,2026-05-24T10:48:55.874459+00:00,AUTOTEST4873,1300,0,0,,,false
dedff752-03ac-47b6-9089-a15f7fb26457,2026-05-24T12:53:14.051771+00:00,AUTOTEST2682,1300,0,0,,,false
5b427b89-f934-44dd-be5f-3c7d7c7425a0,2026-05-24T12:53:14.117801+00:00,TOURTEST8243,1300,0,0,,,false
cf9a5b68-4c6d-429f-ac9a-819b536d30f3,2026-05-24T13:24:49.76054+00:00,TOURTEST9706,1300,0,0,,,false
1f9fbfcb-f2ff-40b5-b019-8165599cecd6,2026-05-24T13:24:49.768472+00:00,AUTOTEST1820,1300,0,0,,,false
3934a334-cc00-4d9c-9f3c-9df837b0cb33,2026-06-03T20:42:34.10346+00:00,SALVADOR MADRID SANCHEZ,1300,0,0,,,false
97312de8-e368-44ad-a5d1-32379cb8cdd3,2026-06-03T23:33:04.339842+00:00,MONEYSACK,1300,0,0,,,false
bc258b97-5fe9-43e5-92a6-97cc40052999,2026-06-06T15:39:22.036789+00:00,APPLE_REVIEW,1300,0,0,,,false